Q1: Le nerf axillaire chemine avec l’artère circonflexe humérale postérieure dans :	Réponse: D — L’espace quadrangulaire
Q2: Le plexus brachial est formé des APD de :	Réponse: B — C5 à T1
Q3: Le format SOAP correspond à :	Réponse: D — Subjectif – Objectif – Analyse – Plan
Q4: Les divisions postérieures innervent préférentiellement :	Réponse: C — Les loges postérieures (extenseurs)
Q5: Les protéoglycanes sont très hydrophiles principalement en raison de :	Réponse: A — Leur richesse en charges négatives
Q6: Le tissu conjonctif dense irrégulier (non orienté) présente :	Réponse: D — Des faisceaux de collagène dans toutes les directions
Q7: Le tronc supérieur du plexus brachial est formé par :	Réponse: D — C5 et C6
Q8: Les cellules conjonctives importées sont principalement :	Réponse: C — D’origine médullaire hématopoïétique
Q9: Le collagène de type II est localisé principalement :	Réponse: C — Dans le cartilage
Q10: Les laminines sont décrites comme spécifiques de :	Réponse: A — La lame basale
Q11: Dans le cours, l’importance des protéoglycanes pour le cartilage est surtout liée à :	Réponse: B — La résistance aux forces de compression
Q12: Les mastocytes sont classiquement :	Réponse: C — Riches en granulations basophiles contenant de l’histamine
Q13: La branche profonde du nerf radial :	Réponse: D — Plonge dans le supinateur et innerve la loge postérieure
Q14: Le collagène de type III correspond à :	Réponse: D — La réticuline (fibres réticulées)
Q15: Dans le cours, le collagène de type I représente environ :	Réponse: B — 90% du collagène de l’organisme
Q16: Dans le cours, une atteinte du médian au canal carpien peut donner :	Réponse: D — Fonte du thénar avec “main de singe”
Q17: Les collagènes confèrent surtout :	Réponse: C — Une résistance mécanique à la traction
Q18: De manière générale, de la moelle émergent :	Réponse: D — Une racine antérieure motrice et une racine postérieure sensitive
Q19: Le TC dense régulier bitendu est cité dans le cours comme :	Réponse: B — Stroma cornéen / aponévroses
Q20: L’hydrolyse de l’acide hyaluronique tend à :	Réponse: D — Diminuer la viscosité et augmenter la perméabilité tissulaire
Q21: Au niveau des racines, le plexus brachial passe entre :	Réponse: C — Scalène antérieur (avant) et scalène moyen (arrière)
Q22: Les macrophages (histiocytes) sont décrits comme :	Réponse: D — Des monocytes sortis du sang et différenciés dans les tissus
Q23: La fonction de défense des tissus conjonctifs est liée notamment à :	Réponse: D — La présence de cellules immunitaires de passage
Q24: Localisation typique des fibres réticulées (cours) :	Réponse: A — Organes hématopoïétiques/lymphoïdes (ex. moelle osseuse)
Q25: Les myofibroblastes possèdent notamment :	Réponse: A — Des filaments contractiles d’actine et de myosine
Q26: Concernant l’adipocyte blanc (cours) :	Réponse: D — Univacuolaire et de grande taille (≈100 µm)
Q27: Au coude, le nerf ulnaire passe :	Réponse: C — En arrière de l’épicondyle médial (gouttière rétro-épitrochléo-olécranienne)
Q28: Les fibres élastiques (cours) sont mises en évidence par une coloration à :	Réponse: B — L’orcéine
Q29: Le tissu conjonctif lâche est caractérisé (cours) par :	Réponse: D — Une substance fondamentale prédominante et des fibres non orientées
Q30: Les fibres conjonctives se déclinent (cours) en trois variétés principales :	Réponse: D — Collagènes, réticulées, élastiques
Q31: Le TC dense régulier unitendu est typiquement retrouvé dans :	Réponse: A — Tendons et ligaments
Q32: Les fibres réticulées (réticulines) :	Réponse: C — S’assemblent en réseaux anastomosés
Q33: L’enzyme citée qui hydrolyse l’acide hyaluronique est :	Réponse: D — Hyaluronidase
Q34: Le tissu conjonctif muqueux est surtout important :	Réponse: B — Chez l’embryon (cordon ombilical)
Q35: Le nerf interosseux antérieur (branche du médian) innerve notamment :	Réponse: B — Flexor pollicis longus, 1/2 latérale du flexor digitorum profundus, carré pronateur
Q36: Localisation citée du tissu conjonctif lâche (cours) :	Réponse: D — Entre les cellules musculaires striées (endomysium)
Q37: Sur le plan embryologique, les tissus conjonctifs dérivent principalement :	Réponse: D — Du mésoblaste via le mésenchyme
Q38: La matrice extracellulaire (MEC) est constituée de :	Réponse: D — Fibres + substance fondamentale
Q39: Le TC fibreux à prédominance de fibres élastiques est cité dans :	Réponse: A — Les ligaments jaunes et la paroi des grosses artères élastiques
Q40: Dans le cours, le pouls radial peut être palpé :	Réponse: C — Dans la tabatière anatomique
Q41: Dans une approche “evidence-based”, la question PICO inclut typiquement :	Réponse: C — Patient/Problème, Intervention, Comparateur, Outcome
Q42: La substance fondamentale d’un tissu conjonctif est classiquement décrite comme :	Réponse: D — Semi-fluide, située entre cellules et fibres
Q43: Une fonction métabolique des tissus conjonctifs est liée surtout à :	Réponse: C — Leur richesse en vaisseaux sanguins
Q44: Les hématies sont décrites comme :	Réponse: D — Des cellules anucléées
Q45: Le nerf médian passe entre :	Réponse: B — Les deux chefs du pronator teres
Q46: Une propriété décrite des fibres élastiques (cours) :	Réponse: A — Elles ne se renouvellent pas
Q47: La corde postérieure est formée :	Réponse: C — Des 3 divisions postérieures
Q48: Dans les compétences IFEC, “raisonnement clinique” et “pensée critique” impliquent :	Réponse: C — Formuler des hypothèses et les tester avec anamnèse + examen
Q49: Concernant l’adipocyte brun (cours) :	Réponse: B — Plurivacuolaire, nombreuses mitochondries, thermogenèse
Q50: Exemple de localisation d’un TC dense irrégulier (cours) :	Réponse: A — Dure-mère
Q51: Les intégrines (rappel du cours) sont :	Réponse: A — Des récepteurs membranaires dimériques (sous-unités α et β)
Q52: Dans le cours, la proportion des éléments figurés du sang est d’environ :	Réponse: B — 45%
Q53: L’irrigation du membre supérieur débute à partir de :	Réponse: A — L’artère sous-clavière
Q54: Le nerf radial provient :	Réponse: C — De la corde postérieure
Q55: Exemple correct (cours) de glycoprotéine reliant cellules et collagène :	Réponse: D — Fibronectine
Q56: Le nerf musculo-cutané provient :	Réponse: A — De la corde latérale
Q57: L’artère axillaire se termine en donnant l’artère brachiale :	Réponse: A — Au bord inférieur du muscle grand rond
Q58: Le fibroblaste se distingue du fibrocyte (cours) par :	Réponse: D — Une activité métabolique plus élevée
Q59: L’artère brachiale se termine au pli du coude en donnant :	Réponse: C — L’artère radiale et l’artère ulnaire
Q60: Les glycosaminoglycanes (GAG) sont :	Réponse: C — De longues chaînes glucidiques non ramifiées
Q61: Le nerf musculo-cutané se termine en donnant :	Réponse: B — Le nerf cutané antébrachial latéral
Q62: Un disaccharide de base des GAG comporte typiquement :	Réponse: C — Un acide uronique et une hexosamine
Q63: Le nerf radial plonge avec l’artère brachiale profonde dans :	Réponse: D — L’espace huméro-tricipital
Q64: Les glycoprotéines de la MEC (cours) participent surtout à :	Réponse: C — L’ancrage des cellules sur la MEC
Q65: Les agrégats de protéoglycanes se fixent sur une molécule de :	Réponse: D — Acide hyaluronique (liaisons non covalentes)
Q66: L’artère sous-clavière devient l’artère axillaire :	Réponse: B — Au niveau du défilé costo-claviculaire
Q67: Selon l’IFEC, le chiropracteur doit être capable de :	Réponse: B — Reconnaître les situations nécessitant une intervention médicale
Q68: Dans le défilé costo-claviculaire, d’avant en arrière on retrouve :	Réponse: D — Veine sous-clavière, artère sous-clavière, divisions du plexus
Q69: Un “red flag” majeur évoquant une queue de cheval est :	Réponse: B — Troubles sphinctériens avec anesthésie en selle
Q70: Le tissu conjonctif réticulé est caractérisé par :	Réponse: A — Un maillage de fibres réticulées (collagène type III) et peu/pas de SF
Q71: Dans le cours, la fibrilline est associée à :	Réponse: A — Les fibres élastiques
Q72: Les fibroblastes synthétisent :	Réponse: B — Toutes les macromolécules constitutives de la MEC
Q73: Les plaquettes (thrombocytes) sont :	Réponse: C — Des fragments cellulaires
Q74: Les fibres élastiques sont constituées :	Réponse: A — D’un cœur d’élastine et d’une périphérie de fibrilline
Q75: Parmi les GAG, lequel est spécifiquement décrit comme non sulfaté et présent dans tous les TC ?	Réponse: A — Acide hyaluronique
Q76: Le tissu sanguin est décrit comme un tissu conjonctif spécialisé caractérisé par :	Réponse: B — Une matrice liquide (plasma)
Q77: Si une situation dépasse les compétences du chiropracteur (IFEC), la conduite attendue est :	Réponse: A — Orienter vers un professionnel médical/paramédical approprié
Q78: Les cellules conjonctives résidentes incluent :	Réponse: C — Fibroblastes, myofibroblastes, adipocytes
Q79: Le nerf ulnaire provient :	Réponse: B — De la corde médiale
Q80: Le collagène de type IV (cours) :	Réponse: C — Est spécifique des lames basales et ne forme pas de fibres
Q81: Le nerf supra-scapulaire (cours) passe dans l’incisure scapulaire :	Réponse: A — Sous le ligament transverse de la scapula
Q82: La prise en charge “en premier recours” signifie surtout :	Réponse: D — Patient consultant directement sans prescription médicale préalable
Q83: Un protéoglycane est (cours) :	Réponse: C — Des chaînes de GAG fixées à une protéine porteuse par liaisons covalentes
Q84: Le canal de Guyon contient :	Réponse: C — Le nerf ulnaire et l’artère ulnaire
Q85: Dans le cours, l’artère sous-clavière passe :	Réponse: B — Entre les scalènes antérieur et moyen
Q86: Une obligation avant technique manuelle est :	Réponse: B — Recueillir un consentement éclairé (bénéfices/risques/alternatives)
Q87: Dans un tissu conjonctif, les 3 grandes catégories d’éléments sont :	Réponse: C — Fibres conjonctives, substance fondamentale, cellules conjonctives
Q88: Concernant l’acide hyaluronique (cours) :	Réponse: C — Il ne se fixe pas à des protéines et ne constitue pas de protéoglycanes
Q89: Les plasmocytes sont :	Réponse: C — Des lymphocytes B maturés sécrétant des Ig
Q90: La branche postérieure du nerf spinal (dans le cours) est aussi appelée :	Réponse: D — PPD (posterior primary division)
Q91: Dans le cours, un rôle des myofibroblastes est :	Réponse: B — Participation à la réparation/guérison et à l’inflammation
Q92: Après le petit pectoral, un rapport antérieur de l’artère axillaire (cours) est :	Réponse: A — Le nerf médian
Q93: Selon l’IFEC (objectifs), une priorité centrale de la formation en chiropraxie est :	Réponse: C — La qualité et la sécurité des soins
Q94: Une mucopolysaccharidose est décrite comme :	Réponse: D — Une maladie de surcharge lysosomiale par déficit enzymatique
Q95: [V1] Quel élément correspond le mieux à : Subjectif – Objectif – Analyse – Plan ?	Réponse: A — SOAP
Q96: [V2] Lequel des énoncés décrit correctement : Axillaire ?	Réponse: C — l’artère faisant suite à la sous-clavière au défilé costo-claviculaire
Q97: [V3] Lequel des énoncés décrit correctement : Qualité et sécurité des soins ?	Réponse: C — un objectif central mis en avant par l’IFEC
Q98: [V4] Quel élément correspond le mieux à : branche terminale issue de la corde postérieure ?	Réponse: D — Nerf radial
Q99: [V5] Parmi les propositions suivantes, laquelle correspond le mieux à : branche terminale issue de la corde médiale ?	Réponse: D — Nerf ulnaire
Q100: [V6] Quel élément correspond le mieux à : l’élément de la MEC localisé entre cellules et fibres, de consistance semi-fluide ?	Réponse: B — Substance fondamentale
Q101: [V7] Parmi les propositions suivantes, laquelle correspond le mieux à : localisation citée du TC lâche entre fibres musculaires striées ?	Réponse: D — Endomysium
Q102: [V8] Lequel des énoncés décrit correctement : Nerf radial ?	Réponse: C — branche terminale issue de la corde postérieure
Q103: [V9] Lequel des énoncés décrit correctement : Mastocyte ?	Réponse: C — cellule proche des capillaires riche en histamine (allergie)
Q104: [V10] Parmi les propositions suivantes, laquelle correspond le mieux à : formée des 3 divisions postérieures ?	Réponse: C — Corde postérieure
Q105: [V11] Lequel des énoncés décrit correctement : Ligaments jaunes ?	Réponse: C — exemple de TC à prédominance de fibres élastiques
Q106: [V12] Quel élément correspond le mieux à : un GAG non sulfaté, ubiquitaire, ne formant pas de protéoglycanes ?	Réponse: B — Acide hyaluronique
Q107: [V13] Lequel des énoncés décrit correctement : Collagène type IV ?	Réponse: B — le collagène des lames basales (mailles, ne forme pas de fibres)
Q108: [V14] Lequel des énoncés décrit correctement : Hématie ?	Réponse: B — cellule sanguine anucléée
Q109: [V15] Parmi les propositions suivantes, laquelle correspond le mieux à : de longues chaînes glucidiques non ramifiées ?	Réponse: D — GAG
Q110: [V16] Lequel des énoncés décrit correctement : Espace huméro-tricipital ?	Réponse: A — où le nerf radial accompagne l’a. brachiale profonde
Q111: [V17] Lequel des énoncés décrit correctement : Stroma cornéen / aponévrose ?	Réponse: A — exemples de TC dense régulier bitendu
Q112: [V18] Parmi les propositions suivantes, laquelle correspond le mieux à : la composition du disaccharide de base des GAG ?	Réponse: D — Acide uronique + hexosamine
Q113: [V19] Parmi les propositions suivantes, laquelle correspond le mieux à : localisation citée du TC lâche entre fibres musculaires striées ?	Réponse: C — Endomysium
Q114: [V20] Quel élément correspond le mieux à : exemple de localisation de TC dense irrégulier ?	Réponse: D — Dure-mère
Q115: [V21] Quel élément correspond le mieux à : charpente (maillage) en collagène III des organes hématopoïétiques/lymphoïdes ?	Réponse: B — Tissu réticulé
Q116: [V22] Quel élément correspond le mieux à : cellule sanguine anucléée ?	Réponse: D — Hématie
Q117: [V23] Parmi les propositions suivantes, laquelle correspond le mieux à : branche terminale issue de la corde postérieure ?	Réponse: C — Nerf radial
Q118: [V24] Parmi les propositions suivantes, laquelle correspond le mieux à : un GAG non sulfaté, ubiquitaire, ne formant pas de protéoglycanes ?	Réponse: D — Acide hyaluronique
Q119: [V25] Lequel des énoncés décrit correctement : Collagène type II ?	Réponse: C — le collagène du cartilage
Q120: [V26] Parmi les propositions suivantes, laquelle correspond le mieux à : la définition de la matrice extracellulaire ?	Réponse: A — MEC = fibres + substance fondamentale
Q121: [V27] Quel élément correspond le mieux à : le collagène majoritaire (~90%), ubiquitaire ?	Réponse: C — Collagène type I
Q122: [V28] Quel élément correspond le mieux à : le plexus innervant ceinture scapulaire + membre supérieur ?	Réponse: C — Plexus brachial (C5–T1)
Q123: [V29] Quel élément correspond le mieux à : l’artère à partir de laquelle commence l’irrigation du membre supérieur ?	Réponse: D — Sous-clavière
Q124: [V30] Parmi les propositions suivantes, laquelle correspond le mieux à : collagène en faisceaux orientés dans toutes les directions ?	Réponse: C — TC dense irrégulier
Q125: [V31] Parmi les propositions suivantes, laquelle correspond le mieux à : tissu conjonctif surtout embryonnaire (cordon ombilical) ?	Réponse: A — TC muqueux
Q126: [V32] Lequel des énoncés décrit correctement : Hyaluronidase ?	Réponse: B — l’enzyme qui hydrolyse l’acide hyaluronique
Q127: [V33] Parmi les propositions suivantes, laquelle correspond le mieux à : formée des 3 divisions postérieures ?	Réponse: C — Corde postérieure
Q128: [V34] Lequel des énoncés décrit correctement : Fibroblaste ?	Réponse: C — la cellule résidente qui synthétise les macromolécules de la MEC
Q129: [V35] Quel élément correspond le mieux à : cellule sanguine anucléée ?	Réponse: A — Hématie
Q130: [V36] Quel élément correspond le mieux à : la racine sensitive (avec ganglion spinal) ?	Réponse: A — Racine postérieure
Q131: [V37] Lequel des énoncés décrit correctement : Défilé costo-claviculaire ?	Réponse: D — où l’ordre antéro-postérieur est veine sous-clavière → artère → divisions
Q132: [V38] Quel élément correspond le mieux à : où l’ordre antéro-postérieur est veine sous-clavière → artère → divisions ?	Réponse: A — Défilé costo-claviculaire
Q133: [V39] Parmi les propositions suivantes, laquelle correspond le mieux à : exemples de TC dense régulier unitendu ?	Réponse: C — Tendon/Ligament
Q134: [V40] Quel élément correspond le mieux à : où passent le nerf ulnaire et l’artère ulnaire ?	Réponse: A — Canal de Guyon
Q135: [V41] Parmi les propositions suivantes, laquelle correspond le mieux à : la cellule résidente qui synthétise les macromolécules de la MEC ?	Réponse: D — Fibroblaste
Q136: [V42] Lequel des énoncés décrit correctement : Intégrines (α/β) ?	Réponse: B — des récepteurs membranaires dimériques impliqués dans l’ancrage à la MEC
Q137: [V43] Quel élément correspond le mieux à : où l’ordre antéro-postérieur est veine sous-clavière → artère → divisions ?	Réponse: D — Défilé costo-claviculaire
Q138: [V44] Lequel des énoncés décrit correctement : Stroma cornéen / aponévrose ?	Réponse: A — exemples de TC dense régulier bitendu
Q139: [V45] Parmi les propositions suivantes, laquelle correspond le mieux à : le plexus innervant ceinture scapulaire + membre supérieur ?	Réponse: D — Plexus brachial (C5–T1)
Q140: [V46] Lequel des énoncés décrit correctement : Racine postérieure ?	Réponse: A — la racine sensitive (avec ganglion spinal)
Q141: [V47] Parmi les propositions suivantes, laquelle correspond le mieux à : la capacité à identifier ce qui nécessite une intervention médicale ?	Réponse: A — Reconnaître ses limites
Q142: [V48] Parmi les propositions suivantes, laquelle correspond le mieux à : la coloration de mise en évidence des fibres élastiques ?	Réponse: D — Orcéine
Q143: [V49] Parmi les propositions suivantes, laquelle correspond le mieux à : exemples de TC dense régulier bitendu ?	Réponse: C — Stroma cornéen / aponévrose
Q144: [V50] Parmi les propositions suivantes, laquelle correspond le mieux à : la composition du disaccharide de base des GAG ?	Réponse: D — Acide uronique + hexosamine
Q145: [V51] Lequel des énoncés décrit correctement : Consentement éclairé ?	Réponse: A — information sur bénéfices/risques/alternatives avant un soin
Q146: [V52] Parmi les propositions suivantes, laquelle correspond le mieux à : exemple de TC à prédominance de fibres élastiques ?	Réponse: C — Ligaments jaunes
Q147: [V53] Lequel des énoncés décrit correctement : Raisonnement clinique ?	Réponse: C — formuler des hypothèses et les tester avec anamnèse + examen
Q148: [V54] Parmi les propositions suivantes, laquelle correspond le mieux à : où le nerf radial accompagne l’a. brachiale profonde ?	Réponse: D — Espace huméro-tricipital
Q149: [V55] Lequel des énoncés décrit correctement : Tronc supérieur ?	Réponse: D — formé par C5 et C6
Q150: [V56] Quel élément correspond le mieux à : branche terminale issue de la corde postérieure ?	Réponse: A — Nerf radial
Q151: [V57] Parmi les propositions suivantes, laquelle correspond le mieux à : les deux terminales de l’artère brachiale au pli du coude ?	Réponse: D — Radiale + ulnaire
Q152: [V58] Parmi les propositions suivantes, laquelle correspond le mieux à : branche terminale issue de la corde postérieure ?	Réponse: A — Nerf radial
Q153: [V59] Quel élément correspond le mieux à : où le nerf radial accompagne l’a. brachiale profonde ?	Réponse: C — Espace huméro-tricipital
Q154: [V60] Quel élément correspond le mieux à : la cause de l’hydrophilie des protéoglycanes ?	Réponse: A — Charges négatives
Q155: [V61] Lequel des énoncés décrit correctement : Racine postérieure ?	Réponse: C — la racine sensitive (avec ganglion spinal)
Q156: [V62] Parmi les propositions suivantes, laquelle correspond le mieux à : fragment cellulaire impliqué dans l’hémostase ?	Réponse: A — Plaquette
Q157: [V63] Quel élément correspond le mieux à : localisation citée du TC lâche entre fibres musculaires striées ?	Réponse: B — Endomysium
Q158: [V64] Quel élément correspond le mieux à : les deux terminales de l’artère brachiale au pli du coude ?	Réponse: C — Radiale + ulnaire
Q159: [V65] Lequel des énoncés décrit correctement : Racine antérieure ?	Réponse: B — la racine motrice du nerf spinal
Q160: [V66] Lequel des énoncés décrit correctement : Plexus brachial (C5–T1) ?	Réponse: C — le plexus innervant ceinture scapulaire + membre supérieur
Q161: [V67] Parmi les propositions suivantes, laquelle correspond le mieux à : localisation citée du TC lâche entre fibres musculaires striées ?	Réponse: D — Endomysium
Q162: [V68] Quel élément correspond le mieux à : la capacité à identifier ce qui nécessite une intervention médicale ?	Réponse: C — Reconnaître ses limites
Q163: [V69] Parmi les propositions suivantes, laquelle correspond le mieux à : exemple de localisation de TC dense irrégulier ?	Réponse: D — Dure-mère
Q164: [V70] Parmi les propositions suivantes, laquelle correspond le mieux à : cellule proche des capillaires riche en histamine (allergie) ?	Réponse: B — Mastocyte
Q165: [V71] Parmi les propositions suivantes, laquelle correspond le mieux à : la réticuline (fibres réticulées) ?	Réponse: B — Collagène type III
Q166: [V72] Quel élément correspond le mieux à : cellule proche des capillaires riche en histamine (allergie) ?	Réponse: C — Mastocyte
Q167: [V73] Lequel des énoncés décrit correctement : Plasma ?	Réponse: C — matrice liquide du sang (~55%)
Q168: [V74] Parmi les propositions suivantes, laquelle correspond le mieux à : formée des 3 divisions postérieures ?	Réponse: D — Corde postérieure
Q169: [V75] Quel élément correspond le mieux à : branche terminale issue de la corde postérieure ?	Réponse: C — Nerf radial
Q170: [V76] Lequel des énoncés décrit correctement : Tronc supérieur ?	Réponse: A — formé par C5 et C6
Q171: [V77] Quel élément correspond le mieux à : l’enzyme qui hydrolyse l’acide hyaluronique ?	Réponse: A — Hyaluronidase
Q172: [V78] Parmi les propositions suivantes, laquelle correspond le mieux à : la définition de la matrice extracellulaire ?	Réponse: A — MEC = fibres + substance fondamentale
Q173: [V79] Parmi les propositions suivantes, laquelle correspond le mieux à : la réticuline (fibres réticulées) ?	Réponse: C — Collagène type III
Q174: [V80] Parmi les propositions suivantes, laquelle correspond le mieux à : l’élément de la MEC localisé entre cellules et fibres, de consistance semi-fluide ?	Réponse: D — Substance fondamentale
Q175: [V81] Parmi les propositions suivantes, laquelle correspond le mieux à : des maladies de surcharge lysosomiale par déficit enzymatique (accumulation de GAG) ?	Réponse: B — Mucopolysaccharidoses
Q176: [V82] Quel élément correspond le mieux à : l’artère issue de l’axillaire au bord inférieur du grand rond ?	Réponse: C — Brachiale
Q177: [V83] Parmi les propositions suivantes, laquelle correspond le mieux à : un objectif central mis en avant par l’IFEC ?	Réponse: B — Qualité et sécurité des soins
Q178: [V84] Parmi les propositions suivantes, laquelle correspond le mieux à : espace entre scalène antérieur (avant) et moyen (arrière) ?	Réponse: D — Défilé des scalènes
Q179: [V85] Quel élément correspond le mieux à : charpente (maillage) en collagène III des organes hématopoïétiques/lymphoïdes ?	Réponse: B — Tissu réticulé
Q180: [V86] Parmi les propositions suivantes, laquelle correspond le mieux à : information sur bénéfices/risques/alternatives avant un soin ?	Réponse: A — Consentement éclairé
Q181: [V87] Quel élément correspond le mieux à : la cause de l’hydrophilie des protéoglycanes ?	Réponse: C — Charges négatives
Q182: [V88] Parmi les propositions suivantes, laquelle correspond le mieux à : branche terminale issue de la corde postérieure ?	Réponse: B — Nerf radial
Q183: [V89] Quel élément correspond le mieux à : la cellule résidente qui synthétise les macromolécules de la MEC ?	Réponse: A — Fibroblaste
Q184: [V90] Parmi les propositions suivantes, laquelle correspond le mieux à : l’enzyme qui hydrolyse l’acide hyaluronique ?	Réponse: D — Hyaluronidase
Q185: [V91] Lequel des énoncés décrit correctement : Qualité et sécurité des soins ?	Réponse: A — un objectif central mis en avant par l’IFEC
Q186: [V92] Parmi les propositions suivantes, laquelle correspond le mieux à : la composition du disaccharide de base des GAG ?	Réponse: C — Acide uronique + hexosamine
Q187: [V93] Parmi les propositions suivantes, laquelle correspond le mieux à : des maladies de surcharge lysosomiale par déficit enzymatique (accumulation de GAG) ?	Réponse: B — Mucopolysaccharidoses
Q188: [V94] Quel élément correspond le mieux à : l’artère faisant suite à la sous-clavière au défilé costo-claviculaire ?	Réponse: D — Axillaire
Q189: [V95] Lequel des énoncés décrit correctement : Canal carpien ?	Réponse: C — zone classique de compression du nerf médian
Q190: [V96] Parmi les propositions suivantes, laquelle correspond le mieux à : exemples de TC dense régulier bitendu ?	Réponse: C — Stroma cornéen / aponévrose
Q191: [V97] Parmi les propositions suivantes, laquelle correspond le mieux à : exemples de TC dense régulier unitendu ?	Réponse: D — Tendon/Ligament
Q192: [V98] Quel élément correspond le mieux à : la composition du disaccharide de base des GAG ?	Réponse: A — Acide uronique + hexosamine
Q193: [V99] Parmi les propositions suivantes, laquelle correspond le mieux à : exemple de TC à prédominance de fibres élastiques ?	Réponse: D — Ligaments jaunes
Q194: [V100] Lequel des énoncés décrit correctement : Dure-mère ?	Réponse: C — exemple de localisation de TC dense irrégulier
Q195: [V101] Lequel des énoncés décrit correctement : Nerf radial ?	Réponse: A — branche terminale issue de la corde postérieure
Q196: [V102] Parmi les propositions suivantes, laquelle correspond le mieux à : l’enzyme qui hydrolyse l’acide hyaluronique ?	Réponse: A — Hyaluronidase
Q197: [V103] Lequel des énoncés décrit correctement : Dure-mère ?	Réponse: B — exemple de localisation de TC dense irrégulier
Q198: [V104] Quel élément correspond le mieux à : tissu conjonctif surtout embryonnaire (cordon ombilical) ?	Réponse: A — TC muqueux
Q199: [V105] Parmi les propositions suivantes, laquelle correspond le mieux à : un objectif central mis en avant par l’IFEC ?	Réponse: A — Qualité et sécurité des soins
Q200: [V106] Parmi les propositions suivantes, laquelle correspond le mieux à : innervent préférentiellement les loges postérieures (extenseurs) ?	Réponse: B — Divisions postérieures
Q201: [V107] Quel élément correspond le mieux à : l’origine embryologique des tissus conjonctifs ?	Réponse: D — Mésoblaste (via mésenchyme)
Q202: [V108] Parmi les propositions suivantes, laquelle correspond le mieux à : un GAG non sulfaté, ubiquitaire, ne formant pas de protéoglycanes ?	Réponse: A — Acide hyaluronique
Q203: [V109] Lequel des énoncés décrit correctement : Canal de Guyon ?	Réponse: A — où passent le nerf ulnaire et l’artère ulnaire
Q204: [V110] Quel élément correspond le mieux à : espace entre scalène antérieur (avant) et moyen (arrière) ?	Réponse: A — Défilé des scalènes
Q205: [V111] Lequel des énoncés décrit correctement : Dure-mère ?	Réponse: A — exemple de localisation de TC dense irrégulier
Q206: [V112] Parmi les propositions suivantes, laquelle correspond le mieux à : matrice liquide du sang (~55%) ?	Réponse: B — Plasma
Q207: [V113] Quel élément correspond le mieux à : le collagène du cartilage ?	Réponse: D — Collagène type II
Q208: [V114] Lequel des énoncés décrit correctement : Canal carpien ?	Réponse: D — zone classique de compression du nerf médian
Q209: [V115] Quel élément correspond le mieux à : exemples de TC dense régulier unitendu ?	Réponse: C — Tendon/Ligament
Q210: [V116] Parmi les propositions suivantes, laquelle correspond le mieux à : où passe le nerf axillaire avec l’a. circonflexe humérale postérieure ?	Réponse: C — Espace quadrangulaire
Q211: [V117] Parmi les propositions suivantes, laquelle correspond le mieux à : site de palpation du pouls radial cité ?	Réponse: C — Tabatière anatomique
Q212: [V118] Quel élément correspond le mieux à : matrice liquide du sang (~55%) ?	Réponse: B — Plasma
Q213: [V119] Parmi les propositions suivantes, laquelle correspond le mieux à : la composition du disaccharide de base des GAG ?	Réponse: C — Acide uronique + hexosamine
Q214: [V120] Lequel des énoncés décrit correctement : Fibronectine ?	Réponse: D — une glycoprotéine d’adhérence liant cellules et collagène
Q215: [V121] Parmi les propositions suivantes, laquelle correspond le mieux à : exemple de TC à prédominance de fibres élastiques ?	Réponse: B — Ligaments jaunes
Q216: [V122] Lequel des énoncés décrit correctement : Tissu réticulé ?	Réponse: A — charpente (maillage) en collagène III des organes hématopoïétiques/lymphoïdes
Q217: [V123] Lequel des énoncés décrit correctement : Myofibroblaste ?	Réponse: B — cellule avec actine/myosine impliquée dans réparation et inflammation
Q218: [V124] Parmi les propositions suivantes, laquelle correspond le mieux à : exemple de TC à prédominance de fibres élastiques ?	Réponse: C — Ligaments jaunes
Q219: [V125] Quel élément correspond le mieux à : fragment cellulaire impliqué dans l’hémostase ?	Réponse: C — Plaquette
Q220: [V126] Parmi les propositions suivantes, laquelle correspond le mieux à : fragment cellulaire impliqué dans l’hémostase ?	Réponse: C — Plaquette
Q221: [V127] Lequel des énoncés décrit correctement : Endomysium ?	Réponse: B — localisation citée du TC lâche entre fibres musculaires striées
Q222: [V128] Parmi les propositions suivantes, laquelle correspond le mieux à : la racine sensitive (avec ganglion spinal) ?	Réponse: D — Racine postérieure
Q223: [V129] Parmi les propositions suivantes, laquelle correspond le mieux à : branche terminale issue de la corde médiale ?	Réponse: B — Nerf ulnaire
Q224: [V130] Parmi les propositions suivantes, laquelle correspond le mieux à : branche terminale issue de la corde médiale ?	Réponse: B — Nerf ulnaire
Q225: [V131] Lequel des énoncés décrit correctement : Sous-clavière ?	Réponse: C — l’artère à partir de laquelle commence l’irrigation du membre supérieur
Q226: [V132] Lequel des énoncés décrit correctement : Nerf radial ?	Réponse: C — branche terminale issue de la corde postérieure
Q227: [V133] Parmi les propositions suivantes, laquelle correspond le mieux à : site de palpation du pouls radial cité ?	Réponse: D — Tabatière anatomique
Q228: [V134] Parmi les propositions suivantes, laquelle correspond le mieux à : espace entre scalène antérieur (avant) et moyen (arrière) ?	Réponse: B — Défilé des scalènes
Q229: [V135] Lequel des énoncés décrit correctement : Myofibroblaste ?	Réponse: A — cellule avec actine/myosine impliquée dans réparation et inflammation
Q230: [V136] Parmi les propositions suivantes, laquelle correspond le mieux à : fragment cellulaire impliqué dans l’hémostase ?	Réponse: B — Plaquette
Q231: [V137] Lequel des énoncés décrit correctement : Reconnaître ses limites ?	Réponse: C — la capacité à identifier ce qui nécessite une intervention médicale
Q232: [V138] Parmi les propositions suivantes, laquelle correspond le mieux à : Patient/Problème – Intervention – Comparateur – Outcome ?	Réponse: A — PICO
Q233: [V139] Lequel des énoncés décrit correctement : GAG ?	Réponse: A — de longues chaînes glucidiques non ramifiées
Q234: [V140] Quel élément correspond le mieux à : Subjectif – Objectif – Analyse – Plan ?	Réponse: B — SOAP
Q235: [V141] Quel élément correspond le mieux à : où l’ordre antéro-postérieur est veine sous-clavière → artère → divisions ?	Réponse: B — Défilé costo-claviculaire
Q236: [V142] Quel élément correspond le mieux à : le collagène du cartilage ?	Réponse: A — Collagène type II
Q237: [V143] Quel élément correspond le mieux à : de longues chaînes glucidiques non ramifiées ?	Réponse: D — GAG
Q238: [V144] Parmi les propositions suivantes, laquelle correspond le mieux à : innervent préférentiellement les loges postérieures (extenseurs) ?	Réponse: C — Divisions postérieures
Q239: [V145] Lequel des énoncés décrit correctement : Corde postérieure ?	Réponse: A — formée des 3 divisions postérieures
Q240: [V146] Lequel des énoncés décrit correctement : Endomysium ?	Réponse: B — localisation citée du TC lâche entre fibres musculaires striées
Q241: [V147] Parmi les propositions suivantes, laquelle correspond le mieux à : le collagène des lames basales (mailles, ne forme pas de fibres) ?	Réponse: D — Collagène type IV
Q242: [V148] Parmi les propositions suivantes, laquelle correspond le mieux à : les deux terminales de l’artère brachiale au pli du coude ?	Réponse: C — Radiale + ulnaire
Q243: [V149] Lequel des énoncés décrit correctement : Espace quadrangulaire ?	Réponse: B — où passe le nerf axillaire avec l’a. circonflexe humérale postérieure
Q244: [V150] Parmi les propositions suivantes, laquelle correspond le mieux à : les deux terminales de l’artère brachiale au pli du coude ?	Réponse: D — Radiale + ulnaire
Q245: [V151] Quel élément correspond le mieux à : la cellule résidente qui synthétise les macromolécules de la MEC ?	Réponse: A — Fibroblaste
Q246: [V152] Lequel des énoncés décrit correctement : Intégrines (α/β) ?	Réponse: A — des récepteurs membranaires dimériques impliqués dans l’ancrage à la MEC
Q247: [V153] Lequel des énoncés décrit correctement : Racine antérieure ?	Réponse: A — la racine motrice du nerf spinal
Q248: [V154] Parmi les propositions suivantes, laquelle correspond le mieux à : une glycoprotéine spécifique de la lame basale ?	Réponse: B — Laminine
Q249: [V155] Parmi les propositions suivantes, laquelle correspond le mieux à : la composition du disaccharide de base des GAG ?	Réponse: B — Acide uronique + hexosamine
Q250: [V156] Quel élément correspond le mieux à : la composition du disaccharide de base des GAG ?	Réponse: D — Acide uronique + hexosamine
Q251: [V157] Lequel des énoncés décrit correctement : Défilé des scalènes ?	Réponse: B — espace entre scalène antérieur (avant) et moyen (arrière)
Q252: [V158] Lequel des énoncés décrit correctement : Nerf ulnaire ?	Réponse: D — branche terminale issue de la corde médiale
Q253: [V159] Lequel des énoncés décrit correctement : Espace quadrangulaire ?	Réponse: A — où passe le nerf axillaire avec l’a. circonflexe humérale postérieure
Q254: [V160] Parmi les propositions suivantes, laquelle correspond le mieux à : des récepteurs membranaires dimériques impliqués dans l’ancrage à la MEC ?	Réponse: D — Intégrines (α/β)
Q255: [V161] Lequel des énoncés décrit correctement : PICO ?	Réponse: A — Patient/Problème – Intervention – Comparateur – Outcome
Q256: [V162] Lequel des énoncés décrit correctement : Collagène type IV ?	Réponse: B — le collagène des lames basales (mailles, ne forme pas de fibres)
Q257: [V163] Parmi les propositions suivantes, laquelle correspond le mieux à : collagène en faisceaux orientés dans toutes les directions ?	Réponse: D — TC dense irrégulier
Q258: [V164] Lequel des énoncés décrit correctement : Stroma cornéen / aponévrose ?	Réponse: D — exemples de TC dense régulier bitendu
Q259: [V165] Quel élément correspond le mieux à : site de palpation du pouls radial cité ?	Réponse: D — Tabatière anatomique
Q260: [V166] Parmi les propositions suivantes, laquelle correspond le mieux à : tissu conjonctif surtout embryonnaire (cordon ombilical) ?	Réponse: A — TC muqueux
Q261: [V167] Parmi les propositions suivantes, laquelle correspond le mieux à : formée des 3 divisions postérieures ?	Réponse: D — Corde postérieure
Q262: [V168] Parmi les propositions suivantes, laquelle correspond le mieux à : site de palpation du pouls radial cité ?	Réponse: C — Tabatière anatomique
Q263: [V169] Parmi les propositions suivantes, laquelle correspond le mieux à : l’artère à partir de laquelle commence l’irrigation du membre supérieur ?	Réponse: A — Sous-clavière
Q264: [V170] Parmi les propositions suivantes, laquelle correspond le mieux à : l’artère issue de l’axillaire au bord inférieur du grand rond ?	Réponse: C — Brachiale
Q265: [V171] Lequel des énoncés décrit correctement : Tissu réticulé ?	Réponse: B — charpente (maillage) en collagène III des organes hématopoïétiques/lymphoïdes
Q266: [V172] Lequel des énoncés décrit correctement : Espace huméro-tricipital ?	Réponse: B — où le nerf radial accompagne l’a. brachiale profonde
Q267: [V173] Quel élément correspond le mieux à : le collagène des lames basales (mailles, ne forme pas de fibres) ?	Réponse: D — Collagène type IV
Q268: [V174] Quel élément correspond le mieux à : le collagène des lames basales (mailles, ne forme pas de fibres) ?	Réponse: C — Collagène type IV
Q269: [V175] Lequel des énoncés décrit correctement : Plaquette ?	Réponse: C — fragment cellulaire impliqué dans l’hémostase
Q270: [V176] Quel élément correspond le mieux à : le collagène des lames basales (mailles, ne forme pas de fibres) ?	Réponse: D — Collagène type IV
Q271: [V177] Parmi les propositions suivantes, laquelle correspond le mieux à : la forme quiescente du fibroblaste ?	Réponse: D — Fibrocyte
Q272: [V178] Lequel des énoncés décrit correctement : Substance fondamentale ?	Réponse: D — l’élément de la MEC localisé entre cellules et fibres, de consistance semi-fluide
Q273: [V179] Parmi les propositions suivantes, laquelle correspond le mieux à : où le nerf radial accompagne l’a. brachiale profonde ?	Réponse: D — Espace huméro-tricipital
Q274: [V180] Lequel des énoncés décrit correctement : Racine postérieure ?	Réponse: A — la racine sensitive (avec ganglion spinal)
Q275: [V181] Lequel des énoncés décrit correctement : Espace quadrangulaire ?	Réponse: D — où passe le nerf axillaire avec l’a. circonflexe humérale postérieure
Q276: [V182] Lequel des énoncés décrit correctement : Laminine ?	Réponse: A — une glycoprotéine spécifique de la lame basale
Q277: [V183] Quel élément correspond le mieux à : charpente (maillage) en collagène III des organes hématopoïétiques/lymphoïdes ?	Réponse: B — Tissu réticulé
Q278: [V184] Parmi les propositions suivantes, laquelle correspond le mieux à : l’artère faisant suite à la sous-clavière au défilé costo-claviculaire ?	Réponse: C — Axillaire
Q279: [V185] Quel élément correspond le mieux à : où passent le nerf ulnaire et l’artère ulnaire ?	Réponse: C — Canal de Guyon
Q280: [V186] Parmi les propositions suivantes, laquelle correspond le mieux à : l’élément de la MEC localisé entre cellules et fibres, de consistance semi-fluide ?	Réponse: D — Substance fondamentale
Q281: [V187] Quel élément correspond le mieux à : où l’ordre antéro-postérieur est veine sous-clavière → artère → divisions ?	Réponse: D — Défilé costo-claviculaire
Q282: [V188] Quel élément correspond le mieux à : matrice liquide du sang (~55%) ?	Réponse: B — Plasma
Q283: [V189] Parmi les propositions suivantes, laquelle correspond le mieux à : exemple de TC à prédominance de fibres élastiques ?	Réponse: C — Ligaments jaunes
Q284: [V190] Lequel des énoncés décrit correctement : Racine postérieure ?	Réponse: C — la racine sensitive (avec ganglion spinal)
Q285: [V191] Parmi les propositions suivantes, laquelle correspond le mieux à : tissu conjonctif surtout embryonnaire (cordon ombilical) ?	Réponse: A — TC muqueux
Q286: [V192] Quel élément correspond le mieux à : la forme quiescente du fibroblaste ?	Réponse: C — Fibrocyte
Q287: [V193] Lequel des énoncés décrit correctement : Canal carpien ?	Réponse: C — zone classique de compression du nerf médian
Q288: [V194] Quel élément correspond le mieux à : le collagène des lames basales (mailles, ne forme pas de fibres) ?	Réponse: B — Collagène type IV
Q289: [V195] Parmi les propositions suivantes, laquelle correspond le mieux à : lymphocyte B maturé sécrétant des Ig ?	Réponse: C — Plasmocyte
Q290: [V196] Parmi les propositions suivantes, laquelle correspond le mieux à : charpente (maillage) en collagène III des organes hématopoïétiques/lymphoïdes ?	Réponse: A — Tissu réticulé
Q291: [V197] Parmi les propositions suivantes, laquelle correspond le mieux à : la racine motrice du nerf spinal ?	Réponse: C — Racine antérieure
Q292: [V198] Parmi les propositions suivantes, laquelle correspond le mieux à : des récepteurs membranaires dimériques impliqués dans l’ancrage à la MEC ?	Réponse: A — Intégrines (α/β)
Q293: [V199] Parmi les propositions suivantes, laquelle correspond le mieux à : exemple de TC à prédominance de fibres élastiques ?	Réponse: C — Ligaments jaunes
Q294: [V200] Quel élément correspond le mieux à : lymphocyte B maturé sécrétant des Ig ?	Réponse: C — Plasmocyte
Q295: [V201] Lequel des énoncés décrit correctement : Axillaire ?	Réponse: C — l’artère faisant suite à la sous-clavière au défilé costo-claviculaire
Q296: [V202] Lequel des énoncés décrit correctement : Acide hyaluronique ?	Réponse: C — un GAG non sulfaté, ubiquitaire, ne formant pas de protéoglycanes
Q297: [V203] Quel élément correspond le mieux à : localisation citée du TC lâche entre fibres musculaires striées ?	Réponse: B — Endomysium
Q298: [V204] Parmi les propositions suivantes, laquelle correspond le mieux à : la coloration de mise en évidence des fibres élastiques ?	Réponse: D — Orcéine
Q299: [V205] Parmi les propositions suivantes, laquelle correspond le mieux à : collagène en faisceaux orientés dans toutes les directions ?	Réponse: C — TC dense irrégulier
Q300: [V206] Quel élément correspond le mieux à : la réticuline (fibres réticulées) ?	Réponse: D — Collagène type III
Q301: [V207] Parmi les propositions suivantes, laquelle correspond le mieux à : où le nerf radial accompagne l’a. brachiale profonde ?	Réponse: C — Espace huméro-tricipital
Q302: [V208] Parmi les propositions suivantes, laquelle correspond le mieux à : la composition du disaccharide de base des GAG ?	Réponse: D — Acide uronique + hexosamine
Q303: [V209] Parmi les propositions suivantes, laquelle correspond le mieux à : la cause de l’hydrophilie des protéoglycanes ?	Réponse: A — Charges négatives
Q304: [V210] Lequel des énoncés décrit correctement : Plaquette ?	Réponse: D — fragment cellulaire impliqué dans l’hémostase
Q305: [V211] Quel élément correspond le mieux à : les deux terminales de l’artère brachiale au pli du coude ?	Réponse: C — Radiale + ulnaire
Q306: [V212] Quel élément correspond le mieux à : où l’ordre antéro-postérieur est veine sous-clavière → artère → divisions ?	Réponse: A — Défilé costo-claviculaire
Q307: [V213] Quel élément correspond le mieux à : des récepteurs membranaires dimériques impliqués dans l’ancrage à la MEC ?	Réponse: A — Intégrines (α/β)
Q308: [V214] Parmi les propositions suivantes, laquelle correspond le mieux à : un GAG non sulfaté, ubiquitaire, ne formant pas de protéoglycanes ?	Réponse: D — Acide hyaluronique
Q309: [V215] Quel élément correspond le mieux à : matrice liquide du sang (~55%) ?	Réponse: D — Plasma
Q310: [V216] Lequel des énoncés décrit correctement : Racine antérieure ?	Réponse: A — la racine motrice du nerf spinal
Q311: [V217] Parmi les propositions suivantes, laquelle correspond le mieux à : l’élément de la MEC localisé entre cellules et fibres, de consistance semi-fluide ?	Réponse: C — Substance fondamentale
Q312: [V218] Parmi les propositions suivantes, laquelle correspond le mieux à : exemples de TC dense régulier bitendu ?	Réponse: D — Stroma cornéen / aponévrose
Q313: [V219] Quel élément correspond le mieux à : la racine motrice du nerf spinal ?	Réponse: B — Racine antérieure
Q314: [V220] Parmi les propositions suivantes, laquelle correspond le mieux à : le plexus innervant ceinture scapulaire + membre supérieur ?	Réponse: C — Plexus brachial (C5–T1)
Q315: [V221] Lequel des énoncés décrit correctement : Dure-mère ?	Réponse: C — exemple de localisation de TC dense irrégulier
Q316: [V222] Parmi les propositions suivantes, laquelle correspond le mieux à : branche terminale issue de la corde médiale ?	Réponse: C — Nerf ulnaire
Q317: [V223] Quel élément correspond le mieux à : localisation citée du TC lâche entre fibres musculaires striées ?	Réponse: D — Endomysium
Q318: [V224] Lequel des énoncés décrit correctement : Brachiale ?	Réponse: B — l’artère issue de l’axillaire au bord inférieur du grand rond
Q319: [V225] Lequel des énoncés décrit correctement : Collagène type II ?	Réponse: B — le collagène du cartilage
Q320: [V226] Parmi les propositions suivantes, laquelle correspond le mieux à : espace entre scalène antérieur (avant) et moyen (arrière) ?	Réponse: D — Défilé des scalènes
Q321: [V227] Quel élément correspond le mieux à : cellule avec actine/myosine impliquée dans réparation et inflammation ?	Réponse: B — Myofibroblaste
Q322: [V228] Quel élément correspond le mieux à : collagène en faisceaux orientés dans toutes les directions ?	Réponse: A — TC dense irrégulier
Q323: [V229] Lequel des énoncés décrit correctement : Myofibroblaste ?	Réponse: C — cellule avec actine/myosine impliquée dans réparation et inflammation
Q324: [V230] Lequel des énoncés décrit correctement : TC lâche ?	Réponse: C — tissu très distribué, rôle de remplissage, fibres sans orientation
Q325: [V231] Quel élément correspond le mieux à : la forme quiescente du fibroblaste ?	Réponse: A — Fibrocyte
Q326: [V232] Parmi les propositions suivantes, laquelle correspond le mieux à : cellule sanguine anucléée ?	Réponse: C — Hématie
Q327: [V233] Quel élément correspond le mieux à : une glycoprotéine spécifique de la lame basale ?	Réponse: B — Laminine
Q328: [V234] Quel élément correspond le mieux à : où le nerf radial accompagne l’a. brachiale profonde ?	Réponse: C — Espace huméro-tricipital
Q329: [V235] Quel élément correspond le mieux à : l’origine embryologique des tissus conjonctifs ?	Réponse: B — Mésoblaste (via mésenchyme)
Q330: [V236] Quel élément correspond le mieux à : la définition de la matrice extracellulaire ?	Réponse: D — MEC = fibres + substance fondamentale
Q331: [V237] Parmi les propositions suivantes, laquelle correspond le mieux à : la définition de la matrice extracellulaire ?	Réponse: C — MEC = fibres + substance fondamentale
Q332: [V238] Quel élément correspond le mieux à : le collagène des lames basales (mailles, ne forme pas de fibres) ?	Réponse: C — Collagène type IV
Q333: [V239] Lequel des énoncés décrit correctement : TC dense irrégulier ?	Réponse: B — collagène en faisceaux orientés dans toutes les directions
Q334: [V240] Lequel des énoncés décrit correctement : Endomysium ?	Réponse: A — localisation citée du TC lâche entre fibres musculaires striées
Q335: [V241] Lequel des énoncés décrit correctement : Nerf ulnaire ?	Réponse: D — branche terminale issue de la corde médiale
Q336: [V242] Quel élément correspond le mieux à : Subjectif – Objectif – Analyse – Plan ?	Réponse: D — SOAP
Q337: [V243] Parmi les propositions suivantes, laquelle correspond le mieux à : le collagène du cartilage ?	Réponse: C — Collagène type II
Q338: [V244] Lequel des énoncés décrit correctement : Plexus brachial (C5–T1) ?	Réponse: B — le plexus innervant ceinture scapulaire + membre supérieur
Q339: [V245] Quel élément correspond le mieux à : de longues chaînes glucidiques non ramifiées ?	Réponse: D — GAG
Q340: [V246] Lequel des énoncés décrit correctement : Sous-clavière ?	Réponse: B — l’artère à partir de laquelle commence l’irrigation du membre supérieur
Q341: [V247] Quel élément correspond le mieux à : exemples de TC dense régulier unitendu ?	Réponse: C — Tendon/Ligament
Q342: [V248] Lequel des énoncés décrit correctement : Acide hyaluronique ?	Réponse: B — un GAG non sulfaté, ubiquitaire, ne formant pas de protéoglycanes
Q343: [V249] Quel élément correspond le mieux à : un GAG non sulfaté, ubiquitaire, ne formant pas de protéoglycanes ?	Réponse: C — Acide hyaluronique
Q344: [V250] Quel élément correspond le mieux à : un GAG non sulfaté, ubiquitaire, ne formant pas de protéoglycanes ?	Réponse: D — Acide hyaluronique
Q345: [V251] Parmi les propositions suivantes, laquelle correspond le mieux à : tissu conjonctif surtout embryonnaire (cordon ombilical) ?	Réponse: C — TC muqueux
Q346: [V252] Quel élément correspond le mieux à : l’artère à partir de laquelle commence l’irrigation du membre supérieur ?	Réponse: A — Sous-clavière
Q347: [V253] Lequel des énoncés décrit correctement : Fibroblaste ?	Réponse: B — la cellule résidente qui synthétise les macromolécules de la MEC
Q348: [V254] Quel élément correspond le mieux à : charpente (maillage) en collagène III des organes hématopoïétiques/lymphoïdes ?	Réponse: A — Tissu réticulé
Q349: [V255] Quel élément correspond le mieux à : exemple de TC à prédominance de fibres élastiques ?	Réponse: C — Ligaments jaunes
Q350: [V256] Lequel des énoncés décrit correctement : Brachiale ?	Réponse: A — l’artère issue de l’axillaire au bord inférieur du grand rond
Q351: [V257] Lequel des énoncés décrit correctement : Intégrines (α/β) ?	Réponse: C — des récepteurs membranaires dimériques impliqués dans l’ancrage à la MEC
Q352: [V258] Lequel des énoncés décrit correctement : Radiale + ulnaire ?	Réponse: B — les deux terminales de l’artère brachiale au pli du coude
Q353: [V259] Quel élément correspond le mieux à : où passe le nerf axillaire avec l’a. circonflexe humérale postérieure ?	Réponse: B — Espace quadrangulaire
Q354: [V260] Parmi les propositions suivantes, laquelle correspond le mieux à : des maladies de surcharge lysosomiale par déficit enzymatique (accumulation de GAG) ?	Réponse: C — Mucopolysaccharidoses
Q355: [V261] Lequel des énoncés décrit correctement : Divisions postérieures ?	Réponse: A — innervent préférentiellement les loges postérieures (extenseurs)
Q356: [V262] Quel élément correspond le mieux à : l’enzyme qui hydrolyse l’acide hyaluronique ?	Réponse: B — Hyaluronidase
Q357: [V263] Quel élément correspond le mieux à : l’enzyme qui hydrolyse l’acide hyaluronique ?	Réponse: C — Hyaluronidase
Q358: [V264] Lequel des énoncés décrit correctement : TC dense irrégulier ?	Réponse: B — collagène en faisceaux orientés dans toutes les directions
Q359: [V265] Quel élément correspond le mieux à : exemple de localisation de TC dense irrégulier ?	Réponse: B — Dure-mère
Q360: [V266] Quel élément correspond le mieux à : exemple de TC à prédominance de fibres élastiques ?	Réponse: D — Ligaments jaunes
Q361: [V267] Quel élément correspond le mieux à : cellule proche des capillaires riche en histamine (allergie) ?	Réponse: A — Mastocyte
Q362: [V268] Quel élément correspond le mieux à : espace entre scalène antérieur (avant) et moyen (arrière) ?	Réponse: D — Défilé des scalènes
Q363: [V269] Quel élément correspond le mieux à : exemple de TC à prédominance de fibres élastiques ?	Réponse: D — Ligaments jaunes
Q364: [V270] Quel élément correspond le mieux à : collagène en faisceaux orientés dans toutes les directions ?	Réponse: C — TC dense irrégulier
Q365: [V271] Lequel des énoncés décrit correctement : Collagène type II ?	Réponse: C — le collagène du cartilage
Q366: [V272] Lequel des énoncés décrit correctement : Collagène type I ?	Réponse: A — le collagène majoritaire (~90%), ubiquitaire
Q367: [V273] Quel élément correspond le mieux à : formé par C5 et C6 ?	Réponse: A — Tronc supérieur
Q368: [V274] Parmi les propositions suivantes, laquelle correspond le mieux à : information sur bénéfices/risques/alternatives avant un soin ?	Réponse: D — Consentement éclairé
Q369: [V275] Lequel des énoncés décrit correctement : Intégrines (α/β) ?	Réponse: C — des récepteurs membranaires dimériques impliqués dans l’ancrage à la MEC
Q370: [V276] Parmi les propositions suivantes, laquelle correspond le mieux à : cellule sanguine anucléée ?	Réponse: C — Hématie
Q371: [V277] Lequel des énoncés décrit correctement : Intégrines (α/β) ?	Réponse: D — des récepteurs membranaires dimériques impliqués dans l’ancrage à la MEC
Q372: [V278] Lequel des énoncés décrit correctement : Radiale + ulnaire ?	Réponse: A — les deux terminales de l’artère brachiale au pli du coude
Q373: [V279] Quel élément correspond le mieux à : cellule sanguine anucléée ?	Réponse: C — Hématie
Q374: [V280] Quel élément correspond le mieux à : la cellule résidente qui synthétise les macromolécules de la MEC ?	Réponse: C — Fibroblaste
Q375: [V281] Quel élément correspond le mieux à : le plexus innervant ceinture scapulaire + membre supérieur ?	Réponse: D — Plexus brachial (C5–T1)
Q376: [V282] Quel élément correspond le mieux à : la racine motrice du nerf spinal ?	Réponse: D — Racine antérieure
Q377: [V283] Lequel des énoncés décrit correctement : Orcéine ?	Réponse: C — la coloration de mise en évidence des fibres élastiques
Q378: [V284] Parmi les propositions suivantes, laquelle correspond le mieux à : la capacité à identifier ce qui nécessite une intervention médicale ?	Réponse: D — Reconnaître ses limites
Q379: [V285] Lequel des énoncés décrit correctement : Plexus brachial (C5–T1) ?	Réponse: A — le plexus innervant ceinture scapulaire + membre supérieur
Q380: [V286] Parmi les propositions suivantes, laquelle correspond le mieux à : un objectif central mis en avant par l’IFEC ?	Réponse: B — Qualité et sécurité des soins
Q381: [V287] Quel élément correspond le mieux à : où l’ordre antéro-postérieur est veine sous-clavière → artère → divisions ?	Réponse: C — Défilé costo-claviculaire
Q382: [V288] Quel élément correspond le mieux à : cellule sanguine anucléée ?	Réponse: B — Hématie
Q383: [V289] Quel élément correspond le mieux à : branche terminale issue de la corde latérale ?	Réponse: A — Nerf musculo-cutané
Q384: [V290] Parmi les propositions suivantes, laquelle correspond le mieux à : cellule proche des capillaires riche en histamine (allergie) ?	Réponse: A — Mastocyte
Q385: [V291] Lequel des énoncés décrit correctement : Collagène type II ?	Réponse: B — le collagène du cartilage
Q386: [V292] Lequel des énoncés décrit correctement : Plexus brachial (C5–T1) ?	Réponse: D — le plexus innervant ceinture scapulaire + membre supérieur
Q387: [V293] Quel élément correspond le mieux à : Subjectif – Objectif – Analyse – Plan ?	Réponse: A — SOAP
Q388: [V294] Parmi les propositions suivantes, laquelle correspond le mieux à : formuler des hypothèses et les tester avec anamnèse + examen ?	Réponse: D — Raisonnement clinique
Q389: [V295] Parmi les propositions suivantes, laquelle correspond le mieux à : branche terminale issue de la corde postérieure ?	Réponse: A — Nerf radial
Q390: [V296] Quel élément correspond le mieux à : où passe le nerf axillaire avec l’a. circonflexe humérale postérieure ?	Réponse: C — Espace quadrangulaire
Q391: [V297] Parmi les propositions suivantes, laquelle correspond le mieux à : matrice liquide du sang (~55%) ?	Réponse: A — Plasma
Q392: [V298] Lequel des énoncés décrit correctement : Collagène type III ?	Réponse: A — la réticuline (fibres réticulées)
Q393: [V299] Quel élément correspond le mieux à : localisation citée du TC lâche entre fibres musculaires striées ?	Réponse: B — Endomysium
Q394: [V300] Quel élément correspond le mieux à : où passent le nerf ulnaire et l’artère ulnaire ?	Réponse: C — Canal de Guyon
Q395: [V301] Quel élément correspond le mieux à : des maladies de surcharge lysosomiale par déficit enzymatique (accumulation de GAG) ?	Réponse: C — Mucopolysaccharidoses
Q396: [V302] Parmi les propositions suivantes, laquelle correspond le mieux à : la cellule résidente qui synthétise les macromolécules de la MEC ?	Réponse: A — Fibroblaste
Q397: [V303] Lequel des énoncés décrit correctement : Canal carpien ?	Réponse: D — zone classique de compression du nerf médian
Q398: [V304] Parmi les propositions suivantes, laquelle correspond le mieux à : branche terminale issue de la corde latérale ?	Réponse: C — Nerf musculo-cutané
Q399: [V305] Parmi les propositions suivantes, laquelle correspond le mieux à : tissu très distribué, rôle de remplissage, fibres sans orientation ?	Réponse: A — TC lâche
Q400: [V306] Quel élément correspond le mieux à : le collagène du cartilage ?	Réponse: D — Collagène type II
